"edges","entries","contents"
-Inf,0.0,0.0
-1.0,109670.95802684354,2.083649559706876
Inf,0.0,0.0
