"edges","entries","contents"
-Inf,0.0,0.0
-1.0,14298.924986219912,0.3262418557870039
Inf,0.0,0.0
