"edges","entries","contents"
-Inf,0.0,0.0
-1.0,1811.6175446739383,0.22101269112953772
Inf,0.0,0.0
