"edges","entries","contents"
-Inf,0.0,0.0
-1.0,147309.58911175627,0.7476639410153804
Inf,0.0,0.0
