"edges","entries","contents"
-Inf,0.0,0.0
-1.0,211948.1536324984,1.427814057423602
Inf,0.0,0.0
