"edges","entries","contents"
-Inf,0.0,0.0
-1.0,1884.5629274145172,0.06636254300904935
Inf,0.0,0.0
