"edges","entries","contents"
-Inf,0.0,0.0
-1.0,19192.366208561525,0.12948925048345006
Inf,0.0,0.0
