"edges","entries","contents"
-Inf,0.0,0.0
-1.0,451903.0765188622,1.163372538604989
Inf,0.0,0.0
