"edges","entries","contents"
-Inf,0.0,0.0
-1.0,19055.232402924143,0.12853022341742462
Inf,0.0,0.0
