"edges","entries","contents"
-Inf,0.0,0.0
-1.0,1797.6042398688214,0.218320160507763
Inf,0.0,0.0
