"edges","entries","contents"
-Inf,0.0,0.0
-1.0,1875.382934822187,0.06625449398069294
Inf,0.0,0.0
