"edges","entries","contents"
-Inf,0.0,0.0
-1.0,209621.4196797312,1.4263780508346442
Inf,0.0,0.0
