"edges","entries","contents"
-Inf,0.0,0.0
-1.0,14167.120018903273,0.3239688765416679
Inf,0.0,0.0
