"edges","entries","contents"
-Inf,0.0,0.0
-1.0,447054.5454056956,1.1608126623067798
Inf,0.0,0.0
