"edges","entries","contents"
-Inf,0.0,0.0
-1.0,108439.3122442707,2.0697061109965045
Inf,0.0,0.0
