"edges","entries","contents"
-Inf,0.0,0.0
-1.0,145799.81883847222,0.7471548396641198
Inf,0.0,0.0
